<!-- 

  HOW TO - Configure madvrsettings.xml to update / customize the madVR osd settings layout in DSPlayer
  http://forum.kodi.tv/showthread.php?tid=223175&pid=2298920#pid2298920
 
-->
<settings>
  <dsprofile path="processing" folder="deinterlacing|artifactRemoval|enhancements|zoomControl" />
  <dsprofile path="scalingParent" folder="chromaUp|lumaUp|lumaDown|upRefine" />
  <dsprofile path="rendering" folder="smoothMotion|dithering|tradeQuality" />
  <group>
    <!-- <debug path="processing|scalingParent|rendering" label="1069999" /> -->
    <section label="1071000">
      <!-- processing -->
      <group>
        <section label="1073000">
          <!-- image enhancements (pre-scale sharp) -->
          <group>
            <setting name="sharpenEdges" type="bool" label="1070134" default="false" />
            <setting name="sharpenEdgesStrength" type="float" label="1070122" parentlabel="1070134" parent="sharpenEdges" default="1.0" min="0" max="4" step="0.1" format="%1.1f">
              <dependencies>
                <dependency type="visible" setting="sharpenEdges" operator="is">true</dependency>
              </dependencies>
            </setting>
            <setting name="crispenEdges" type="bool" label="1070135" default="false" />
            <setting name="crispenEdgesStrength" type="float" label="1070122" parentlabel="1070135" parent="crispenEdges" default="1.0" min="0" max="4" step="0.1" format="%1.1f">
              <dependencies>
                <dependency type="visible" setting="crispenEdges" operator="is">true</dependency>
              </dependencies>
            </setting>
            <setting name="thinEdges" type="bool" label="1070136" default="false" />
            <setting name="thinEdgesStrength" type="float" label="1070122" parentlabel="1070136" parent="thinEdges" default="1.0" min="0" max="8" step="0.1" format="%1.1f" >
              <dependencies>
                <dependency type="visible" setting="thinEdges" operator="is">true</dependency>
              </dependencies>
            </setting>
            <setting name="enhanceDetail" type="bool" label="1070137" default="false" />
            <setting name="enhanceDetailStrength" type="float" label="1070122" parentlabel="1070137" parent="enhanceDetail" default="1.0" min="0" max="4" step="0.1" format="%1.1f">
              <dependencies>
                <dependency type="visible" setting="enhanceDetail" operator="is">true</dependency>
              </dependencies>
            </setting>
          </group>
          <group>
            <setting name="lumaSharpen" type="bool" label="1070119" default="false" />
            <setting name="lumaSharpenStrength" type="float" label="1070122" parentlabel="1070119" parent="lumaSharpen" default="0.65" min="0" max="3" step="0.01" format="%1.2f">
              <dependencies>
                <dependency type="visible" setting="lumaSharpen" operator="is">true</dependency>
              </dependencies>
            </setting>
            <setting name="adaptiveSharpen" type="bool" label="1070120" default="false" />
            <setting name="adaptiveSharpenStrength" type="float" label="1070122" parentlabel="1070120" parent="adaptiveSharpen" default="0.5" min="0" max="3" step="0.1" format="%1.1f">
              <dependencies>
                <dependency type="visible" setting="adaptiveSharpen" operator="is">true</dependency>
              </dependencies>
            </setting>
          </group>
          <group>
            <setting name="sharpenAB" value="sharpenABStrength" type="list_boolint" label="1070155" default="-1">
              <option value="-1" label="1070117" /> <!-- disabled -->
              <option value="25" label="1070148" />
              <option value="50" label="1070149" />
              <option value="75" label="1070150" />
              <option value="100" label="1070151" />
              <option value="125" label="1070152" />
              <option value="150" label="1070153" />
              <dependencies>
                <dependency type="enable">
                  <or>
                    <condition setting="sharpenEdges" operator="is">true</condition>
                    <condition setting="adaptiveSharpen" operator="is">true</condition>
                    <condition setting="lumaSharpen" operator="is">true</condition>
                  </or>
                </dependency>
              </dependencies>
            </setting>
            <setting name="sharpenAR" type="bool" label="1070143" default="true">
              <dependencies>
                <dependency type="enable">
                  <or>
                    <condition setting="sharpenEdges" operator="is">true</condition>
                    <condition setting="crispenEdges" operator="is">true</condition>
                    <condition setting="adaptiveSharpen" operator="is">true</condition>
                    <condition setting="lumaSharpen" operator="is">true</condition>
                  </or>
                </dependency>
              </dependencies>
            </setting>
          </group>
          <!-- end prescale sharp -->
        </section>
        <section label="1070264">
          <!-- zoom -->
          <group>
            <setting name="noSmallScaling" value="noSmallScalingValue" type="list_boolint" label="1070208" default="-1">
              <option value="-1" label="1070117" /> <!-- disabled -->
              <option value="1" label="1070209" />
              <option value="2" label="1070210" />
              <option value="3" label="1070211" />
              <option value="4" label="1070212" />
              <option value="5" label="1070213" />
              <option value="10" label="1070214" />
              <option value="15" label="1070215" />
              <option value="25" label="1070216" />
            </setting>
            <setting name="moveSubs" value="moveSubsUp" type="list_boolbool" label="1070217" default="false">
              <option value="-1" label="1070117" /> <!-- disabled -->
              <option value="false" label="1070218" />
              <option value="true" label="1070219" />
            </setting>
            <setting name="detectBars" type="bool" label="1070220" default="false" />
          </group>
          <group>
            <setting name="arChange" value="arChangeValue" type="list_boolint" label="1070221" default="-1">
              <option value="-1" label="1070117" /> <!-- disabled -->
              <option value="0" label="1070222" />
              <option value="25" label="1070223" />
              <option value="50" label="1070224" />
              <option value="75" label="1070225" />
              <option value="100" label="1070226" />
              <dependencies>
                <dependency type="enable" setting="detectBars" operator="is">true</dependency>
              </dependencies>
            </setting>
            <setting name="quickArChange" type="list_quickar" label="1070227" default="-1">
              <option value="-1" label="1070117" /> <!-- disabled -->
              <option value="2" label="1070228" />
              <option value="5" label="1070229" />
              <option value="15" label="1070230" />
              <option value="45" label="1070231" />
              <option value="0" label="1070222" />
              <option value="25" label="1070223" />
              <option value="50" label="1070224" />
              <option value="75" label="1070225" />
              <option value="100" label="1070226" />
              <dependencies>
                <dependency type="enable">
                  <and>
                    <condition setting="detectBars" operator="is">true</condition>
                    <condition setting="arChange" operator="is">-1</condition>
                  </and>
                </dependency>
              </dependencies>
            </setting>
            <setting name="shiftImage" value="shiftImageUp" type="list_boolbool" label="1070232" default="-1">
              <option value="-1" label="1070117" /> <!-- disabled -->
              <option value="true" label="1070233" />
              <option value="false" label="1070234" />
              <dependencies>
                <dependency type="enable" setting="detectBars" operator="is">true</dependency>
              </dependencies>
            </setting>
            <setting name="dontCropSubs" value="dontCropSubsValue" type="list_boolint" label="1070235" default="-1">
              <option value="-1" label="1070117" /> <!-- disabled -->
              <option value="5" label="1070236" />
              <option value="15" label="1070237" />
              <option value="45" label="1070238" />
              <option value="180" label="1070239" />
              <option value="600" label="1070240" />
              <option value="1800" label="1070241" />
              <option value="5400" label="1070242" />
              <option value="0" label="1070243"/>
              <dependencies>
                <dependency type="enable" setting="detectBars" operator="is">true</dependency>
              </dependencies>
            </setting>
            <setting name="cleanborders" type="list_cleanborders" label="1070244" default="-1">
              <option value="-1" label="1070117" /> <!-- disabled -->
              <option value="1" label="1070245" />
              <option value="2" label="1070246" />
              <option value="3" label="1070247" />
              <option value="4" label="1070248" />
              <option value="5" label="1070249" />
              <option value="7" label="1070250" />
              <option value="11" label="1070251" />
              <option value="12" label="1070252" />
              <option value="13" label="1070253" />
              <option value="14" label="1070254" />
              <option value="15" label="1070255" />
              <option value="17" label="1070256" />
              <dependencies>
                <dependency type="enable" setting="detectBars" operator="is">true</dependency>
              </dependencies>
            </setting>
            <setting name="reduceBigBars" value="reduceBigBarsValue" type="list_boolint" label="1070257" default="-1">
              <option value="-1" label="1070117" /> <!-- disabled -->
              <option value="25" label="1070258" />
              <option value="50" label="1070259" />
              <option value="75" label="1070260" />
              <option value="100" label="1070261" />
              <dependencies>
                <dependency type="enable" setting="detectBars" operator="is">true</dependency>
              </dependencies>
            </setting>
            <setting name="cropSmallBars" type="bool" label="1070262" default="false">
              <dependencies>
                <dependency type="enable" setting="detectBars" operator="is">true</dependency>
              </dependencies>
            </setting>
            <setting name="cropBars" type="bool" label="1070263" default="false">
              <dependencies>
                <dependency type="enable" setting="detectBars" operator="is">true</dependency>
              </dependencies>
            </setting>
          </group>
          <!-- end zoom -->
        </section>
      </group>
      <group>
        <setting name="autoActivateDeinterlacing" value="ifInDoubtDeinterlace" type="list_boolbool" label="1070200" default="false">
          <option value="-1" label="1070117" /> <!-- disabled -->
          <option value="true" label="1070205" />
          <option value="false" label="1070206" />
        </setting>
        <setting name="contentType" type="list_string" label="1070201" default="auto">
          <option value="auto" label="1070202" />
          <option value="film" label="1070203" />
          <option value="video" label="1070204" />
        </setting>
        <setting name="scanPartialFrame" type="bool" label="1070207" default="true" />
        <setting name="debandActive" type="bool" label="1070500" default="false" />
        <setting name="debandLevel" type="list_int" label="1070501" parent="debandActive" default="0">
          <option value="0" label="1070503" />
          <option value="1" label="1070504" />
          <option value="2" label="1070505" />
          <dependencies>
            <dependency type="visible" setting="debandActive" operator="is">true</dependency>
          </dependencies>
        </setting>
        <setting name="debandFadeLevel" type="list_int" label="1070502" parent="debandActive" default="2">
          <option value="0" label="1070503" />
          <option value="1" label="1070504" />
          <option value="2" label="1070505" />
          <dependencies>
            <dependency type="visible" setting="debandActive" operator="is">true</dependency>
          </dependencies>
        </setting>
        <setting name="deringActive" type="bool" label="1071001" default="false" />
        <setting name="deringFull" type="bool" label="1071002" default="false">
          <dependencies>
            <dependency type="enable" setting="deringActive" operator="is">true</dependency>
          </dependencies>
        </setting>
      </group>
      <!-- end processing -->
    </section>
    <section label="1070000">
      <!-- scaling algorithms --> 
      <group>
        <section label="1074000">
          <!-- upscaling refinement (post-scale sharp) -->
          <group>
            <setting name="upRefSharpenEdges" type="bool" label="1070138" default="false" />
            <setting name="upRefSharpenEdgesStrength" type="float" label="1070122" parentlabel="1070138" parent="upRefSharpenEdges" default="1.0" min="0" max="4" step="0.1" format="%1.1f">
              <dependencies>
                <dependency type="visible" setting="upRefSharpenEdges" operator="is">true</dependency>
              </dependencies>
            </setting>
            <setting name="upRefCrispenEdges" type="bool" label="1070139" default="false" />
            <setting name="upRefCrispenEdgesStrength" type="float" label="1070122" parentlabel="1070139" parent="upRefCrispenEdges" default="1.0" min="0" max="4" step="0.1" format="%1.1f">
              <dependencies>
                <dependency type="visible" setting="upRefCrispenEdges" operator="is">true</dependency>
              </dependencies>
            </setting>
            <setting name="upRefThinEdges" type="bool" label="1070140" default="false" />
            <setting name="upRefThinEdgesStrength" type="float" label="1070122" parentlabel="1070140" parent="upRefThinEdges" default="1.0" min="0" max="8" step="0.1" format="%1.1f">
              <dependencies>
                <dependency type="visible" setting="upRefThinEdges" operator="is">true</dependency>
              </dependencies>
            </setting>
            <setting name="upRefEnhanceDetail" type="bool" label="1070141" default="false" />
            <setting name="upRefEnhanceDetailStrength" type="float" label="1070122" parentlabel="1070141" parent="upRefEnhanceDetail" default="1.0" min="0" max="4" step="0.1" format="%1.1f">
              <dependencies>
                <dependency type="visible" setting="upRefEnhanceDetail" operator="is">true</dependency>
              </dependencies>
            </setting>
            <setting name="upRefSoftenEdges" type="bool" label="1070176" default="false" />
            <setting name="upRefSoftenEdgesStrength" type="float" label="1070122" parentlabel="1070176" parent="upRefSoftenEdges" default="2.0" min="1" max="3" step="1" format="%1.0f">
              <dependencies>
                <dependency type="visible" setting="upRefSoftenEdges" operator="is">true</dependency>
              </dependencies>
            </setting>
            <setting name="upRefAddGrain" type="bool" label="1070177" default="false" />
            <setting name="upRefAddGrainStrength" type="float" label="1070122" parentlabel="1070177" parent="upRefAddGrain" default="2.0" min="1" max="3" step="1" format="%1.0f">
              <dependencies>
                <dependency type="visible" setting="upRefAddGrain" operator="is">true</dependency>
              </dependencies>
            </setting>
          </group>
          <group>
            <setting name="upRefLumaSharpen" type="bool" label="1070124" default="false" />
            <setting name="upRefLumaSharpenStrength" type="float" label="1070122" parentlabel="1070124" parent="upRefLumaSharpen" default="0.65" min="0" max="3" step="0.01" format="%1.2f">
              <dependencies>
                <dependency type="visible" setting="upRefLumaSharpen" operator="is">true</dependency>
              </dependencies>
            </setting>
            <setting name="upRefAdaptiveSharpen" type="bool" label="1070125" default="false" />
            <setting name="upRefAdaptiveSharpenStrength" type="float" label="1070122" parentlabel="1070125" parent="upRefAdaptiveSharpen" default="0.5" min="0" max="3" step="0.1" format="%1.1f">
              <dependencies>
                <dependency type="visible" setting="upRefAdaptiveSharpen" operator="is">true</dependency>
              </dependencies>
            </setting>
          </group>
          <group>
            <setting name="upRefSharpenAB" value="upRefSharpenABStrength" type="list_boolint" label="1070154" default="-1">
              <option value="-1" label="1070117" /> <!-- disabled -->
              <option value="25" label="1070148" />
              <option value="50" label="1070149" />
              <option value="75" label="1070150" />
              <option value="100" label="1070151" />
              <option value="125" label="1070152" />
              <option value="150" label="1070153" />
              <dependencies>
                <dependency type="enable">
                  <or>
                    <condition setting="upRefSharpenEdges" operator="is">true</condition>
                    <condition setting="upRefAdaptiveSharpen" operator="is">true</condition>
                    <condition setting="upRefLumaSharpen" operator="is">true</condition>
                  </or>
                </dependency>
              </dependencies>
            </setting>
            <setting name="upRefSharpenAR" type="bool" label="1070142" default="true">
              <dependencies>
                <dependency type="enable">
                  <or>
                    <condition setting="upRefSharpenEdges" operator="is">true</condition>
                    <condition setting="upRefCrispenEdges" operator="is">true</condition>
                    <condition setting="upRefAdaptiveSharpen" operator="is">true</condition>
                    <condition setting="upRefLumaSharpen" operator="is">true</condition>
                  </or>
                </dependency>
              </dependencies>
            </setting>
          </group>
          <group>
            <setting name="superRes" type="bool" label="1070121" default="false" />
            <setting name="superResStrength" type="float" label="1070122" parentlabel="1070121" parent="superRes" default="3.0" min="0" max="4" step="1" format="%1.0f">
              <dependencies>
                <dependency type="visible" setting="superRes" operator="is">true</dependency>
              </dependencies>
            </setting>
            <setting name="superResLinear" type="bool" label="1070133" parent="superRes" default="false">
              <dependencies>
                <dependency type="visible" setting="superRes" operator="is">true</dependency>
              </dependencies>
            </setting>
            <setting name="superResAR" type="bool" label="1070031" parent="superRes" default="false">
              <dependencies>
                <dependency type="visible" setting="superRes" operator="is">true</dependency>
              </dependencies>
            </setting>
          </group>
          <group>
            <setting name="refineOnce" type="!bool" label="1070126" default="false">
              <dependencies>
                <dependency type="enable">
                  <or>
                    <condition setting="upRefSharpenEdges" operator="is">true</condition>
                    <condition setting="upRefCrispenEdges" operator="is">true</condition>
                    <condition setting="upRefThinEdges" operator="is">true</condition>
                    <condition setting="upRefEnhanceDetail" operator="is">true</condition>
                    <condition setting="upRefLumaSharpen" operator="is">true</condition>
                    <condition setting="upRefAdaptiveSharpen" operator="is">true</condition>
                    <condition setting="superRes" operator="is">true</condition>
                  </or>
                </dependency>
              </dependencies>
            </setting>
          </group>
          <!-- end postscale sharp -->
        </section>
      </group>
      <group>
        <setting name="chromaUp" type="list_string" label="1070028" default="Bicubic60">
          <option value="Nearest Neighbor" label="1070001" />
          <option value="Bilinear" label="1070002" />
          <option value="Mitchell-Netravali" label="1070004" />
          <option value="Catmull-Rom" label="1070005" />
          <option value="Bicubic60" label="1070007" />
          <option value="Bicubic75" label="1070008" />
          <option value="Bicubic100" label="1070009" />
          <option value="Bicubic125" label="1070050" />
          <option value="Bicubic150" label="1070047" />
          <option value="SoftCubic50" label="1070010" />
          <option value="SoftCubic60" label="1070011" />
          <option value="SoftCubic70" label="1070012" />
          <option value="SoftCubic80" label="1070013" />
          <option value="SoftCubic100" label="1070014" />
          <option value="Lanczos3" label="1070015" />
          <option value="Lanczos4" label="1070016"  />
          <option value="Spline36" label="1070018" />
          <option value="Spline64" label="1070019" />
          <option value="Jinc3" label="1070020" />
          <option value="BilateralOld" label="1070033" />
          <option value="BilateralSoft" label="1070062" />
          <option value="BilateralSharp" label="1070063" />
          <option value="ReconSoft" label="1070042" />
          <option value="ReconSharp" label="1070043" />
          <option value="ReconPlacebo" label="1070044" />
          <option value="ReconSharpDenoise" label="1070045" />
          <option value="ReconPlaceboDenoise" label="1070046" />
          <option value="SuperXbr25" label="1070034" />
          <option value="SuperXbr50" label="1070035" />
          <option value="SuperXbr75" label="1070036" />
          <option value="SuperXbr100" label="1070037" />
          <option value="SuperXbr125" label="1070038" />
          <option value="SuperXbr150" label="1070039" />
          <option value="Nnedi16" label="1070023" />
          <option value="Nnedi32" label="1070024" />
          <option value="Nnedi64" label="1070025" />
          <option value="Nnedi128" label="1070026" />
          <option value="Nnedi256" label="1070027" />
          <option value="NGULow" label="1070066" />
          <option value="NGUMedium" label="1070067" />
          <option value="NGUHigh" label="1070068" />
          <option value="NGUVeryHigh" label="1070069" />
        </setting>
        <setting name="chromaAntiRinging" type="bool" label="1070031" parent="chromaUp" default="false" />
        <setting name="superChromaRes" type="bool" label="1070041" parent="chromaUp" default="false" />
        <setting name="superChromaResStrength" type="float" label="1070122" parentlabel="1070041" parent="chromaUp" default="3.0" min="0" max="4" step="1" format="%1.0f">
          <dependencies>
            <dependency type="visible" setting="superChromaRes" operator="is">true</dependency>
          </dependencies>
        </setting>
      </group>
      <group>
        <setting name="lumaUp" type="list_string" label="1070029" default="Lanczos3">
          <option value="Nearest Neighbor" label="1070001" />
          <option value="Bilinear" label="1070002" />
          <option value="Dxva" label="1070003" />
          <option value="Mitchell-Netravali" label="1070004" />
          <option value="Catmull-Rom" label="1070005" />
          <option value="Bicubic60" label="1070007" />
          <option value="Bicubic75" label="1070008" />
          <option value="Bicubic100" label="1070009" />
          <option value="Bicubic125" label="1070050" />
          <option value="Bicubic150" label="1070047" />
          <option value="SoftCubic50" label="1070010" />
          <option value="SoftCubic60" label="1070011" />
          <option value="SoftCubic70" label="1070012" />
          <option value="SoftCubic80" label="1070013" />
          <option value="SoftCubic100" label="1070014" />
          <option value="Lanczos3" label="1070015" />
          <option value="Lanczos4" label="1070016" />
          <option value="Spline36" label="1070018" />
          <option value="Spline64" label="1070019" />
          <option value="Jinc3" label="1070020" />  
          <option value="SuperXbr" label="1070086" />
          <option value="NNEDI3" label="1070064" />
          <option value="NGU" label="1070065" />
        </setting>
        <setting name="lumaUpSuperXbrAlgo" type="list_string" label="1070075" parent="lumaUp" default="100">
          <option value="25" label="1070089" />
          <option value="50" label="1070090" />
          <option value="75" label="1070091" />
          <option value="100" label="1070092" />
          <option value="125" label="1070093" />
          <option value="150" label="1070094" />
          <option value="2x25" label="1070095" />
          <option value="2x50" label="1070096" />
          <option value="2x75" label="1070097" />
          <option value="2x100" label="1070098" />
          <option value="2x125" label="1070099" />
          <option value="2x150" label="1070100" />
          <dependencies>
            <dependency type="visible" setting="lumaUp" operator="is">SuperXbr</dependency>
          </dependencies>
        </setting>
        <setting name="lumaUpSuperXbrChromaQuality" type="list_string" label="1070071" parent="lumaUp" default="auto">
          <option value="auto" label="1070170" />
          <dependencies>
            <dependency type="enable" setting="lumaUp" operator="!is">auto</dependency>
            <dependency type="visible" setting="lumaUp" operator="is">SuperXbr</dependency>
          </dependencies>
        </setting>
        <setting name="lumaUpSuperXbrUpscaleAlgo" type="list_string" label="1070087" parent="lumaUp" default="auto">
          <option value="auto" label="1070170" />
          <option value="Bilinear" label="1070002" />
          <option value="Bicubic60" label="1070007" />
          <option value="Bicubic60AR" label="1070076" />
          <option value="Lanczos3AR" label="1070080" />
          <option value="JincAR" label="1070082" />
          <dependencies>
            <dependency type="visible" setting="lumaUp" operator="is">SuperXbr</dependency>
          </dependencies>
        </setting>
        <setting name="lumaUpSuperXbrDownscaleAlgo" type="list_string" label="1070088" parent="lumaUp" default="auto">
          <option value="auto" label="1070170" />
          <option value="settings" label="1070085" />
          <option value="Bilinear" label="1070002" />
          <option value="Bicubic60" label="1070007" />
          <option value="Bicubic60AR" label="1070076" />
          <option value="Bicubic60ARLL" label="1070077" />
          <option value="Bicubic150AR" label="1070078" />
          <option value="Bicubic150ARLL" label="1070079" />
          <option value="Lanczos3AR" label="1070080" />
          <option value="Lanczos3ARLL" label="1070081" />
          <option value="SSIM" label="1070083" />
          <option value="SSIMLL" label="1070084" />
          <dependencies>
            <dependency type="visible" setting="lumaUp" operator="is">SuperXbr</dependency>
          </dependencies>
        </setting>
        <setting name="lumaUpNnediLumaQuality" type="list_string" label="1070075" parent="lumaUp" default="16">
          <option value="16" label="1070156" />
          <option value="32" label="1070157" />
          <option value="64" label="1070158" />
          <option value="128" label="1070159" />
          <option value="256" label="1070160" />
          <option value="16+16" label="1070161" />
          <option value="32+16" label="1070162" />
          <option value="64+16" label="1070163" />
          <option value="64+32" label="1070164" />
          <option value="128+16" label="1070165" />
          <option value="128+32" label="1070166" />
          <option value="256+16" label="1070167" />
          <option value="256+32" label="1070168" />
          <option value="256+64" label="1070169" />
          <dependencies>
            <dependency type="visible" setting="lumaUp" operator="is">NNEDI3</dependency>
          </dependencies>
        </setting>
        <setting name="lumaUpNnediChromaQuality" type="list_string" label="1070071" parent="lumaUp" default="auto">
          <option value="auto" label="1070170" />
          <option value="normal" label="1070173" />
          <option value="high" label="1070174" />
          <option value="veryHigh" label="1070175" />
          <dependencies>
            <dependency type="visible" setting="lumaUp" operator="is">NNEDI3</dependency>
          </dependencies>
        </setting>
        <setting name="lumaUpNnediUpscaleAlgo" type="list_string" label="1070087" parent="lumaUp" default="auto">
          <option value="auto" label="1070170" />
          <option value="Bilinear" label="1070002" />
          <option value="Bicubic60" label="1070007" />
          <option value="Bicubic60AR" label="1070076" />
          <option value="Lanczos3AR" label="1070080" />
          <option value="JincAR" label="1070082" />
          <dependencies>
            <dependency type="visible" setting="lumaUp" operator="is">NNEDI3</dependency>
          </dependencies>
        </setting>
        <setting name="lumaUpNnediDownscaleAlgo" type="list_string" label="1070088" parent="lumaUp" default="auto">
          <option value="auto" label="1070170" />
          <option value="settings" label="1070085" />
          <option value="Bilinear" label="1070002" />
          <option value="Bicubic60" label="1070007" />
          <option value="Bicubic60AR" label="1070076" />
          <option value="Bicubic60ARLL" label="1070077" />
          <option value="Bicubic150AR" label="1070078" />
          <option value="Bicubic150ARLL" label="1070079" />
          <option value="Lanczos3AR" label="1070080" />
          <option value="Lanczos3ARLL" label="1070081" />
          <option value="SSIM" label="1070083" />
          <option value="SSIMLL" label="1070084" />
          <dependencies>
            <dependency type="visible" setting="lumaUp" operator="is">NNEDI3</dependency>
          </dependencies>
        </setting>
        <setting name="lumaUpNguLumaQuality" type="list_string" label="1070075" parent="lumaUp" default="med">
          <option value="low" label="1070171" />
          <option value="med" label="1070172" />
          <option value="high" label="1070174" />
          <option value="veryHigh" label="1070175" />
          <dependencies>
            <dependency type="visible" setting="lumaUp" operator="is">NGU</dependency>
          </dependencies>
        </setting>
        <setting name="lumaUpNguChromaQuality" type="list_string" label="1070071" parent="lumaUp" default="auto">
          <option value="auto" label="1070170" />
          <option value="normal" label="1070173" />
          <option value="high" label="1070174" />
          <option value="veryHigh" label="1070175" />
          <dependencies>
            <dependency type="visible" setting="lumaUp" operator="is">NGU</dependency>
            <dependency type="enable">
              <or>
                <condition setting="lumaUpNguLumaQuality" operator="is">high</condition>
                <condition setting="lumaUpNguLumaQuality" operator="is">veryHigh</condition>>
              </or>
            </dependency>
          </dependencies>
        </setting>
        <setting name="lumaUpNguUpscaleAlgo" type="list_string" label="1070087" parent="lumaUp" default="auto">
          <option value="auto" label="1070170" />
          <option value="Bilinear" label="1070002" />
          <option value="Bicubic60" label="1070007" />
          <option value="Bicubic60AR" label="1070076" />
          <option value="Lanczos3AR" label="1070080" />
          <option value="JincAR" label="1070082" />
          <dependencies>
            <dependency type="visible" setting="lumaUp" operator="is">NGU</dependency>
          </dependencies>
        </setting>
        <setting name="lumaUpNguDownscaleAlgo" type="list_string" label="1070088" parent="lumaUp" default="auto">
          <option value="auto" label="1070170" />
          <option value="settings" label="1070085" />
          <option value="Bilinear" label="1070002" />
          <option value="Bicubic60" label="1070007" />
          <option value="Bicubic60AR" label="1070076" />
          <option value="Bicubic60ARLL" label="1070077" />
          <option value="Bicubic150AR" label="1070078" />
          <option value="Bicubic150ARLL" label="1070079" />
          <option value="Lanczos3AR" label="1070080" />
          <option value="Lanczos3ARLL" label="1070081" />
          <option value="SSIM" label="1070083" />
          <option value="SSIMLL" label="1070084" />
          <dependencies>
            <dependency type="visible" setting="lumaUp" operator="is">NGU</dependency>
          </dependencies>
        </setting>
        <setting name="lumaUpSuperSampling" type="bool" label="1070101" parent="lumaUp" default="false">
          <dependencies>
            <dependency type="visible">
              <or>
                <condition setting="lumaUp" operator="is">NNEDI3</condition>
                <condition setting="lumaUp" operator="is">NGU</condition>
                <condition setting="lumaUp" operator="is">SuperXbr</condition>
              </or>
            </dependency>
          </dependencies>
        </setting>
        <setting name="lumaUpAntiRinging" type="bool" label="1070031" parent="lumaUp" default="false">
          <dependencies>
            <dependency type="visible">
              <and>
                <condition setting="lumaUp" operator="!is">NNEDI3</condition>
                <condition setting="lumaUp" operator="!is">NGU</condition>
                <condition setting="lumaUp" operator="!is">SuperXbr</condition>
              </and>
            </dependency>
          </dependencies>
        </setting>
        <setting name="lumaUpSigmoidal" type="bool" label="1070049" parent="lumaUp" default="false">
          <dependencies>
            <dependency type="visible">
              <and>
                <condition setting="lumaUp" operator="!is">NNEDI3</condition>
                <condition setting="lumaUp" operator="!is">NGU</condition>
                <condition setting="lumaUp" operator="!is">SuperXbr</condition>
              </and>
            </dependency>
          </dependencies>
        </setting>
      </group>
      <group>
        <setting name="lumaDown" type="list_string" label="1070030" default="Bicubic150">
          <option value="Nearest Neighbor" label="1070001" />
          <option value="Bilinear" label="1070002" />
          <option value="Dxva" label="1070003" />
          <option value="Mitchell-Netravali" label="1070004" />
          <option value="Catmull-Rom" label="1070005" />
          <option value="Bicubic60" label="1070007" />
          <option value="Bicubic75" label="1070008" />
          <option value="Bicubic100" label="1070009" />
          <option value="Bicubic125" label="1070050" />
          <option value="Bicubic150" label="1070047" />
          <option value="SoftCubic50" label="1070010" />
          <option value="SoftCubic60" label="1070011" />
          <option value="SoftCubic70" label="1070012" />
          <option value="SoftCubic80" label="1070013" />
          <option value="SoftCubic100" label="1070014" />
          <option value="Lanczos3" label="1070015" />
          <option value="Lanczos4" label="1070016" />
          <option value="Spline36" label="1070018" />
          <option value="Spline64" label="1070019" />
          <!-- <option value="SSIM1D25" label="1070048" /> -->
          <option value="SSIM1D50" label="1070051" />
          <option value="SSIM1D75" label="1070052"  />
          <option value="SSIM1D100" label="1070053" />
          <option value="SSIM2D25" label="1070054" />
          <option value="SSIM2D50" label="1070055" />
          <option value="SSIM2D75" label="1070056" />
          <option value="SSIM2D100" label="1070057" />
        </setting>
        <setting name="lumaDownAntiRinging" value="lumaDownAntiRingingSoft" type="list_boolbool" label="1070031" parent="lumaDown" default="-1">
          <option value="-1" label="1070117" /> <!-- disabled -->
          <option value="false" label="1070145" />
          <option value="true" label="1070146" />
        </setting>
        <setting name="lumaDownLinear" type="bool" label="1070032" parent="lumaDown" default="false" />
        <setting name="ssimAB" value="ssimABStrength" type="list_boolint" label="1070147" parent="lumaDown" default="-1">
          <option value="-1" label="1070117" /> <!-- disabled -->
          <option value="25" label="1070148" />
          <option value="50" label="1070149" />
          <option value="75" label="1070150"  />
          <option value="100" label="1070151" />
          <option value="125" label="1070152" />
          <option value="150" label="1070153" />
          <dependencies>
            <dependency type="enable">
              <or>
                <condition setting="lumaDown" operator="is">SSIM1D25</condition>
                <condition setting="lumaDown" operator="is">SSIM1D50</condition>
                <condition setting="lumaDown" operator="is">SSIM1D75</condition>
                <condition setting="lumaDown" operator="is">SSIM1D100</condition>
                <condition setting="lumaDown" operator="is">SSIM2D25</condition>
                <condition setting="lumaDown" operator="is">SSIM2D50</condition>
                <condition setting="lumaDown" operator="is">SSIM2D75</condition>
                <condition setting="lumaDown" operator="is">SSIM2D100</condition>
              </or>
            </dependency>
          </dependencies>
        </setting>
      </group>
      <!-- end scaling algorithms -->
    </section>
    <section label="1072000">
      <!-- rendering -->
      <group>
        <section label="1075000">
          <!-- trade quality -->
          <group>
            <setting name="fastSubtitles" type="bool" label="1075001" default="true" />
            <setting name="dxvaChromaWhenDecode" type="bool" label="1075002" default="true" />
            <setting name="dxvaChromaWhenDeint" type="bool" label="1075003" default="true" />
            <setting name="customShaders16f" type="bool" label="1075004" default="true" />
            <setting name="gammaDithering" type="bool" label="1075005" default="true" />
            <setting name="noGradientAngles" type="bool" label="1075006" default="true" />
            <setting name="dontRerenderFades" type="bool" label="1075007" default="true" />
            <setting name="downscalePath" type="bool" label="1075008" default="true" />
            <setting name="mayLoseBtb" type="bool" label="1075009" default="false" />
            <setting name="gammaBlending" type="bool" label="1075010" default="false" />
            <setting name="10bitChroma" type="bool" label="1075011" default="false" />
            <setting name="10bitLuma" type="bool" label="1075012" default="false" />
            <setting name="customShadersTv" type="bool" label="1075013" default="false" />
          </group>
          <!-- end trade quality-->
        </section>
      </group>
      <group>
        <setting name="brightness" type="float" label="464" parentlabel="464" default="0" min=-100 max=100 step=1 format="%1.0f" />
        <setting name="dontDither" value="ditheringAlgo" type="!list_boolstring" label="1070400" default="ordered">
          <option value="-1" label="1070117"  />
          <option value="random" label="1070401" />
          <option value="ordered" label="1070402" />
          <option value="errorDifMedNoise" label="1070403" />
          <option value="errorDifLowNoise" label="1070404" />
        </setting>
        <setting name="coloredDither" type="bool" label="1070405" parent="dontDither" default="true">
          <dependencies>
            <dependency type="visible" setting="dontDither" operator="!is">-1</dependency>
          </dependencies>
        </setting>
        <setting name="dynamicDither" type="bool" label="1070406" parent="dontDither" default="true">
          <dependencies>
            <dependency type="visible" setting="dontDither" operator="!is">-1</dependency>
          </dependencies>
        </setting>
        <setting name="smoothMotionEnabled" value="smoothMotionMode" type="list_boolstring" label="1070300" default="-1">
          <option value="-1" label="1070117"  />
          <option value="avoidJudder" label="1070301" />
          <option value="almostAlways" label="1070302" />
          <option value="always" label="1070303" />
        </setting>
      </group>
      <!-- end rendering -->
    </section>
  </group>
</settings>
